{
  "tombstone:adventure/halloween": {
    "criteria": {
      "coded_trigger": "2024-10-26 18:46:01 +0000"
    },
    "done": true
  },
  "minecraft:recipes/decorations/crafting_table": {
    "criteria": {
      "unlock_right_away": "2024-10-26 18:46:01 +0000"
    },
    "done": true
  },
  "minecraft:adventure/adventuring_time": {
    "criteria": {
      "minecraft:dark_forest": "2024-10-26 18:46:03 +0000"
    },
    "done": false
  },
  "tombstone:adventure/root": {
    "criteria": {
      "auto": "2024-10-26 18:46:03 +0000"
    },
    "done": true
  },
  "DataVersion": 3465
}